# The names of individuals who have contributed to this project.
#
# Names are formatted as:
#   name <email>
#
Ace Nassri <anassri@google.com>
Alessandro Rossi <alexodus71@gmail.com>
Ali Ijaz Sheikh <ofrobots@google.com>
Amy <amy@infosleuth.net>
Andrew Gorcester <andrew.gorcester@gmail.com>
Anish Karandikar <anishkny@gmail.com>
Ato Araki <ato.araki@gmail.com>
Bill Prin <waprin@gmail.com>
Bill Prin <waprin@google.com>
Brett Johnson <brettj@google.com>
CRoed <chris.roed@anserinnovation.com>
Campion Fellin <campionfellin@users.noreply.github.com>
Chris Broadfoot <cbro@golang.org>
Christophe Taton <christophe.taton@gmail.com>
DPE bot <dpebot@google.com>
Daisuke Fujimura <me@fujimuradaisuke.com>
Dan Ciruli <ciruli@gmail.com>
Dan Holevoet <danielholevoet@google.com>
Daniel Hermes <dhermes@google.com>
Daryush Laqab <dlaqab@gmail.com>
Eli Bixby <elibixby@google.com>
F. Hinkelmann <fhinkel@vt.edu>
Fred Sauer <fredsa@google.com>
Geoffrey Gowan <geoffrey.gowan@gmail.com>
Greenkeeper <support@greenkeeper.io>
Greg Solovyev <grishick@users.noreply.github.com>
Gus Class <gguuss@gmail.com>
Hunter Freyer <yt@hjfreyer.com>
JJ Geewax <jj@geewax.org>
Jason <jason.polites@gmail.com>
Jason Dobry <jason.dobry@gmail.com>
Jason Dobry <jmdobry@users.noreply.github.com>
Jeff Mendoza <jeffmendoza@google.com>
Jeff Mendoza <jeffmendoza@users.noreply.github.com>
Jeff Terrace <jterrace@google.com>
Jerjou <jerjou@users.noreply.github.com>
Jerjou Cheng <jerjou@google.com>
Jon Wayne Parrott <jonwayne@google.com>
Jonathan Simon <jsimonweb@gmail.com>
Jonathan Wayne Parrott <jon.wayne.parrott@gmail.com>
Justin Beckwith <justin.beckwith@gmail.com>
Kacper Polak <kacepe@users.noreply.github.com>
Kurtis Van Gent <31518063+kurtisvg@users.noreply.github.com>
Lawrence L <llatif@users.noreply.github.com>
Les Vogel <lesv@users.noreply.github.com>
Limin Wang <liminwang@google.com>
Luqman A. Siswanto <l.arifin.siswanto@gmail.com>
Marc Cohen <marc@mkcohen.com>
Marc Cohen <marcacohen@gmail.com>
Marci Windsheimer <marciw.nyc@gmail.com>
Max Braun <max.braun@gmail.com>
Myles Borins <myles.borins@gmail.com>
Nicolas Garnier <nivco.las@gmail.com>
Ossama Alami <oa@google.com>
Patrick Costello <pcostello@google.com>
Paul Buser <buser.paul@gmail.com>
Philip Irri <philip@irri.se>
Pierre Fritsch <PierreFritsch@users.noreply.github.com>
Preston Holmes <preston@ptone.com>
Ricky Dunlop <hello@rickydunlop.co.uk>
Ryan Hughes <ryanhugh@users.noreply.github.com>
Ryan Matsumoto <ryanmats@google.com>
Sandeep Dinesh <sandeepdinesh@google.com>
Sankalp Kulshreshtha <sankalp221@gmail.com>
Sepehr Ebrahimzadeh <sepehre@users.noreply.github.com>
Simon Zeltser <zeltser@google.com>
Slawek Walkowski <swalkowski@users.noreply.github.com>
Stephen Sawchuk <sawchuk@gmail.com>
Steren <steren.giannini@gmail.com>
Takashi Matsuo <matsuo.takashi@gmail.com>
Takashi Matsuo <tmatsuo@google.com>
Tim Swast <swast@google.com>
Vikas Kedia <vikas.kedia@gmail.com>
Walter Poupore <WalterHub@users.noreply.github.com>
Wesley Wong <wesley.mw.wong@gmail.com>
carieshmarie <leecaroline@google.com>
chenyumic <chenyumic@google.com>
danaharon <daharon@google.com>
elibixby <eli.bixby@gmail.com>
elibixby <elibixby@google.com>
ellenevans <35748459+ellenevans@users.noreply.github.com>
emesx <emesx@users.noreply.github.com>
jasminejaksic <jasmine.jaksic@gmail.com>
kdeus <kdeus@google.com>
labtopia <mccormick.katie@gmail.com>
lei-tang <leitang@google.com>
michaelawyu <chenyumic@google.com>
navinger <navinger2003@gmail.com>
noerog <32459203+noerog@users.noreply.github.com>
piaxc <piac@google.com>
puneith <puneith@users.noreply.github.com>
remi Taylor <remi@remitaylor.com>
wanacode <wanacode@users.noreply.github.com>
